,area,capital,country,population,density,density_ratio
0,30510,Brussels,Belgium,11.3,370.3703703703704,1.3557548553598302
1,671308,Paris,France,64.3,95.78315765639617,0.35061789884675904
2,357050,Berlin,Germany,81.3,227.69920179246603,0.8335016056575726
3,41526,Amsterdam,Netherlands,16.9,406.97394403506235,1.4897436317022839
4,244820,London,United Kingdom,64.9,265.09272118290994,0.9703820084335556
